filename,file_size,file_attributes,region_count,region_id,region_shape_attributes,region_attributes
Q01_false.png,416687,"{}",5,0,"{""name"":""rect"",""x"":718,""y"":72,""width"":486,""height"":340}","{""region type"":""image""}"
Q01_false.png,416687,"{}",5,1,"{""name"":""rect"",""x"":245,""y"":417,""width"":543,""height"":72}","{""region type"":""headline""}"
Q01_false.png,416687,"{}",5,2,"{""name"":""rect"",""x"":243,""y"":498,""width"":414,""height"":65}","{""region type"":""subheading""}"
Q01_false.png,416687,"{}",5,3,"{""name"":""rect"",""x"":241,""y"":572,""width"":1404,""height"":99}","{""region type"":""text""}"
Q01_false.png,416687,"{}",5,4,"{""name"":""rect"",""x"":238,""y"":680,""width"":345,""height"":77}","{""region type"":""source""}"
Q01_true.png,434864,"{}",5,0,"{""name"":""rect"",""x"":718,""y"":83,""width"":484,""height"":327}","{""region type"":""image""}"
Q01_true.png,434864,"{}",5,1,"{""name"":""rect"",""x"":245,""y"":416,""width"":525,""height"":76}","{""region type"":""headline""}"
Q01_true.png,434864,"{}",5,2,"{""name"":""rect"",""x"":243,""y"":498,""width"":387,""height"":59}","{""region type"":""subheading""}"
Q01_true.png,434864,"{}",5,3,"{""name"":""rect"",""x"":241,""y"":572,""width"":1434,""height"":140}","{""region type"":""text""}"
Q01_true.png,434864,"{}",5,4,"{""name"":""rect"",""x"":239,""y"":727,""width"":345,""height"":83}","{""region type"":""source""}"
Q02_false.png,581587,"{}",5,0,"{""name"":""rect"",""x"":407,""y"":79,""width"":1107,""height"":326}","{""region type"":""image""}"
Q02_false.png,581587,"{}",5,1,"{""name"":""rect"",""x"":238,""y"":412,""width"":491,""height"":77}","{""region type"":""headline""}"
Q02_false.png,581587,"{}",5,2,"{""name"":""rect"",""x"":235,""y"":500,""width"":981,""height"":65}","{""region type"":""subheading""}"
Q02_false.png,581587,"{}",5,3,"{""name"":""rect"",""x"":238,""y"":576,""width"":1438,""height"":94}","{""region type"":""text""}"
Q02_false.png,581587,"{}",5,4,"{""name"":""rect"",""x"":236,""y"":678,""width"":203,""height"":83}","{""region type"":""source""}"
Q02_true.png,570781,"{}",5,0,"{""name"":""rect"",""x"":410,""y"":79,""width"":1103,""height"":331}","{""region type"":""image""}"
Q02_true.png,570781,"{}",5,1,"{""name"":""rect"",""x"":236,""y"":419,""width"":495,""height"":68}","{""region type"":""headline""}"
Q02_true.png,570781,"{}",5,2,"{""name"":""rect"",""x"":238,""y"":498,""width"":554,""height"":63}","{""region type"":""subheading""}"
Q02_true.png,570781,"{}",5,3,"{""name"":""rect"",""x"":234,""y"":576,""width"":1362,""height"":92}","{""region type"":""text""}"
Q02_true.png,570781,"{}",5,4,"{""name"":""rect"",""x"":232,""y"":680,""width"":209,""height"":79}","{""region type"":""source""}"
Q03_false.png,299366,"{}",5,0,"{""name"":""rect"",""x"":772,""y"":77,""width"":378,""height"":342}","{""region type"":""image""}"
Q03_false.png,299366,"{}",5,1,"{""name"":""rect"",""x"":248,""y"":417,""width"":191,""height"":68}","{""region type"":""headline""}"
Q03_false.png,299366,"{}",5,2,"{""name"":""rect"",""x"":247,""y"":493,""width"":1022,""height"":63}","{""region type"":""subheading""}"
Q03_false.png,299366,"{}",5,3,"{""name"":""rect"",""x"":247,""y"":570,""width"":1425,""height"":142}","{""region type"":""text""}"
Q03_false.png,299366,"{}",5,4,"{""name"":""rect"",""x"":247,""y"":721,""width"":290,""height"":86}","{""region type"":""source""}"
Q03_true.png,461728,"{}",5,0,"{""name"":""rect"",""x"":669,""y"":83,""width"":581,""height"":327}","{""region type"":""image""}"
Q03_true.png,461728,"{}",5,1,"{""name"":""rect"",""x"":248,""y"":417,""width"":176,""height"":67}","{""region type"":""headline""}"
Q03_true.png,461728,"{}",5,2,"{""name"":""rect"",""x"":245,""y"":495,""width"":1425,""height"":103}","{""region type"":""subheading""}"
Q03_true.png,461728,"{}",5,3,"{""name"":""rect"",""x"":247,""y"":615,""width"":1420,""height"":176}","{""region type"":""text""}"
Q03_true.png,461728,"{}",5,4,"{""name"":""rect"",""x"":247,""y"":798,""width"":290,""height"":86}","{""region type"":""source""}"
Q04_false.png,440157,"{}",5,0,"{""name"":""rect"",""x"":738,""y"":79,""width"":446,""height"":340}","{""region type"":""image""}"
Q04_false.png,440157,"{}",5,1,"{""name"":""rect"",""x"":243,""y"":406,""width"":214,""height"":81}","{""region type"":""headline""}"
Q04_false.png,440157,"{}",5,2,"{""name"":""rect"",""x"":241,""y"":495,""width"":1278,""height"":58}","{""region type"":""subheading""}"
Q04_false.png,440157,"{}",5,3,"{""name"":""rect"",""x"":238,""y"":569,""width"":1407,""height"":182}","{""region type"":""text""}"
Q04_false.png,440157,"{}",5,4,"{""name"":""rect"",""x"":236,""y"":760,""width"":326,""height"":90}","{""region type"":""source""}"
Q04_true.png,451994,"{}",5,0,"{""name"":""rect"",""x"":738,""y"":81,""width"":448,""height"":333}","{""region type"":""image""}"
Q04_true.png,451994,"{}",5,1,"{""name"":""rect"",""x"":243,""y"":416,""width"":193,""height"":74}","{""region type"":""headline""}"
Q04_true.png,451994,"{}",5,2,"{""name"":""rect"",""x"":241,""y"":497,""width"":1301,""height"":67}","{""region type"":""subheading""}"
Q04_true.png,451994,"{}",5,3,"{""name"":""rect"",""x"":241,""y"":574,""width"":1389,""height"":180}","{""region type"":""text""}"
Q04_true.png,451994,"{}",5,4,"{""name"":""rect"",""x"":239,""y"":763,""width"":322,""height"":92}","{""region type"":""source""}"
Q05_false.png,596237,"{}",5,0,"{""name"":""rect"",""x"":677,""y"":79,""width"":569,""height"":336}","{""region type"":""image""}"
Q05_false.png,596237,"{}",5,1,"{""name"":""rect"",""x"":252,""y"":419,""width"":302,""height"":70}","{""region type"":""headline""}"
Q05_false.png,596237,"{}",5,2,"{""name"":""rect"",""x"":248,""y"":496,""width"":839,""height"":65}","{""region type"":""subheading""}"
Q05_false.png,596237,"{}",5,3,"{""name"":""rect"",""x"":247,""y"":570,""width"":1404,""height"":142}","{""region type"":""text""}"
Q05_false.png,596237,"{}",5,4,"{""name"":""rect"",""x"":246,""y"":720,""width"":252,""height"":85}","{""region type"":""source""}"
Q05_true.png,578947,"{}",5,0,"{""name"":""rect"",""x"":675,""y"":83,""width"":572,""height"":331}","{""region type"":""image""}"
Q05_true.png,578947,"{}",5,1,"{""name"":""rect"",""x"":247,""y"":417,""width"":308,""height"":65}","{""region type"":""headline""}"
Q05_true.png,578947,"{}",5,2,"{""name"":""rect"",""x"":245,""y"":491,""width"":902,""height"":63}","{""region type"":""subheading""}"
Q05_true.png,578947,"{}",5,3,"{""name"":""rect"",""x"":245,""y"":563,""width"":1409,""height"":146}","{""region type"":""text""}"
Q05_true.png,578947,"{}",5,4,"{""name"":""rect"",""x"":244,""y"":720,""width"":257,""height"":86}","{""region type"":""source""}"
Q06_false.png,566995,"{}",5,0,"{""name"":""rect"",""x"":673,""y"":77,""width"":570,""height"":333}","{""region type"":""image""}"
Q06_false.png,566995,"{}",5,1,"{""name"":""rect"",""x"":234,""y"":416,""width"":1209,""height"":70}","{""region type"":""headline""}"
Q06_false.png,566995,"{}",5,2,"{""name"":""rect"",""x"":238,""y"":494,""width"":560,""height"":61}","{""region type"":""subheading""}"
Q06_false.png,566995,"{}",5,3,"{""name"":""rect"",""x"":234,""y"":569,""width"":1416,""height"":144}","{""region type"":""text""}"
Q06_false.png,566995,"{}",5,4,"{""name"":""rect"",""x"":232,""y"":719,""width"":225,""height"":86}","{""region type"":""source""}"
Q06_true.png,583746,"{}",5,0,"{""name"":""rect"",""x"":678,""y"":79,""width"":563,""height"":327}","{""region type"":""image""}"
Q06_true.png,583746,"{}",5,1,"{""name"":""rect"",""x"":241,""y"":417,""width"":1252,""height"":70}","{""region type"":""headline""}"
Q06_true.png,583746,"{}",5,2,"{""name"":""rect"",""x"":239,""y"":495,""width"":515,""height"":65}","{""region type"":""subheading""}"
Q06_true.png,583746,"{}",5,3,"{""name"":""rect"",""x"":239,""y"":568,""width"":1434,""height"":103}","{""region type"":""text""}"
Q06_true.png,583746,"{}",5,4,"{""name"":""rect"",""x"":238,""y"":680,""width"":227,""height"":94}","{""region type"":""source""}"
Q07_false.png,479330,"{}",5,0,"{""name"":""rect"",""x"":630,""y"":81,""width"":664,""height"":329}","{""region type"":""image""}"
Q07_false.png,479330,"{}",5,1,"{""name"":""rect"",""x"":232,""y"":417,""width"":554,""height"":74}","{""region type"":""headline""}"
Q07_false.png,479330,"{}",5,2,"{""name"":""rect"",""x"":232,""y"":497,""width"":785,""height"":61}","{""region type"":""subheading""}"
Q07_false.png,479330,"{}",5,3,"{""name"":""rect"",""x"":232,""y"":565,""width"":1369,""height"":108}","{""region type"":""text""}"
Q07_false.png,479330,"{}",5,4,"{""name"":""rect"",""x"":234,""y"":680,""width"":423,""height"":94}","{""region type"":""source""}"
Q07_true.png,472292,"{}",5,0,"{""name"":""rect"",""x"":623,""y"":77,""width"":675,""height"":333}","{""region type"":""image""}"
Q07_true.png,472292,"{}",5,1,"{""name"":""rect"",""x"":239,""y"":419,""width"":547,""height"":70}","{""region type"":""headline""}"
Q07_true.png,472292,"{}",5,2,"{""name"":""rect"",""x"":239,""y"":497,""width"":759,""height"":65}","{""region type"":""subheading""}"
Q07_true.png,472292,"{}",5,3,"{""name"":""rect"",""x"":241,""y"":570,""width"":1353,""height"":106}","{""region type"":""text""}"
Q07_true.png,472292,"{}",5,4,"{""name"":""rect"",""x"":239,""y"":684,""width"":416,""height"":83}","{""region type"":""source""}"
Q08_false.png,776730,"{}",5,0,"{""name"":""rect"",""x"":491,""y"":81,""width"":939,""height"":327}","{""region type"":""image""}"
Q08_false.png,776730,"{}",5,1,"{""name"":""rect"",""x"":236,""y"":419,""width"":387,""height"":68}","{""region type"":""headline""}"
Q08_false.png,776730,"{}",5,2,"{""name"":""rect"",""x"":232,""y"":497,""width"":1011,""height"":65}","{""region type"":""subheading""}"
Q08_false.png,776730,"{}",5,3,"{""name"":""rect"",""x"":230,""y"":572,""width"":1449,""height"":176}","{""region type"":""text""}"
Q08_false.png,776730,"{}",5,4,"{""name"":""rect"",""x"":225,""y"":758,""width"":243,""height"":106}","{""region type"":""source""}"
Q08_true.png,763853,"{}",5,0,"{""name"":""rect"",""x"":491,""y"":76,""width"":945,""height"":335}","{""region type"":""image""}"
Q08_true.png,763853,"{}",5,1,"{""name"":""rect"",""x"":247,""y"":417,""width"":390,""height"":68}","{""region type"":""headline""}"
Q08_true.png,763853,"{}",5,2,"{""name"":""rect"",""x"":245,""y"":494,""width"":1294,""height"":63}","{""region type"":""subheading""}"
Q08_true.png,763853,"{}",5,3,"{""name"":""rect"",""x"":241,""y"":567,""width"":1443,""height"":146}","{""region type"":""text""}"
Q08_true.png,763853,"{}",5,4,"{""name"":""rect"",""x"":238,""y"":723,""width"":245,""height"":101}","{""region type"":""source""}"
Q09_false.png,416642,"{}",5,0,"{""name"":""rect"",""x"":741,""y"":81,""width"":437,""height"":327}","{""region type"":""image""}"
Q09_false.png,416642,"{}",5,1,"{""name"":""rect"",""x"":239,""y"":408,""width"":468,""height"":77}","{""region type"":""headline""}"
Q09_false.png,416642,"{}",5,2,"{""name"":""rect"",""x"":240,""y"":497,""width"":1395,""height"":95}","{""region type"":""subheading""}"
Q09_false.png,416642,"{}",5,3,"{""name"":""rect"",""x"":241,""y"":605,""width"":1420,""height"":151}","{""region type"":""text""}"
Q09_false.png,416642,"{}",5,4,"{""name"":""rect"",""x"":239,""y"":763,""width"":173,""height"":97}","{""region type"":""source""}"
Q09_true.png,394702,"{}",5,0,"{""name"":""rect"",""x"":745,""y"":81,""width"":435,""height"":329}","{""region type"":""image""}"
Q09_true.png,394702,"{}",5,1,"{""name"":""rect"",""x"":241,""y"":419,""width"":461,""height"":67}","{""region type"":""headline""}"
Q09_true.png,394702,"{}",5,2,"{""name"":""rect"",""x"":245,""y"":497,""width"":1279,""height"":97}","{""region type"":""subheading""}"
Q09_true.png,394702,"{}",5,3,"{""name"":""rect"",""x"":241,""y"":608,""width"":1375,""height"":146}","{""region type"":""text""}"
Q09_true.png,394702,"{}",5,4,"{""name"":""rect"",""x"":239,""y"":765,""width"":193,""height"":81}","{""region type"":""source""}"
Q10_false.png,668787,"{}",5,0,"{""name"":""rect"",""x"":419,""y"":79,""width"":1083,""height"":333}","{""region type"":""image""}"
Q10_false.png,668787,"{}",5,1,"{""name"":""rect"",""x"":238,""y"":417,""width"":711,""height"":70}","{""region type"":""headline""}"
Q10_false.png,668787,"{}",5,2,"{""name"":""rect"",""x"":236,""y"":497,""width"":1297,""height"":65}","{""region type"":""subheading""}"
Q10_false.png,668787,"{}",5,3,"{""name"":""rect"",""x"":232,""y"":572,""width"":1422,""height"":144}","{""region type"":""text""}"
Q10_false.png,668787,"{}",5,4,"{""name"":""rect"",""x"":229,""y"":725,""width"":189,""height"":86}","{""region type"":""source""}"
Q10_true.png,640963,"{}",5,0,"{""name"":""rect"",""x"":414,""y"":81,""width"":1087,""height"":331}","{""region type"":""image""}"
Q10_true.png,640963,"{}",5,1,"{""name"":""rect"",""x"":241,""y"":417,""width"":579,""height"":70}","{""region type"":""headline""}"
Q10_true.png,640963,"{}",5,2,"{""name"":""rect"",""x"":241,""y"":493,""width"":1378,""height"":67}","{""region type"":""subheading""}"
Q10_true.png,640963,"{}",5,3,"{""name"":""rect"",""x"":238,""y"":569,""width"":1319,""height"":104}","{""region type"":""text""}"
Q10_true.png,640963,"{}",5,4,"{""name"":""rect"",""x"":234,""y"":680,""width"":182,""height"":94}","{""region type"":""source""}"
Q11_false.png,519346,"{}",5,0,"{""name"":""rect"",""x"":673,""y"":77,""width"":578,""height"":340}","{""region type"":""image""}"
Q11_false.png,519346,"{}",5,1,"{""name"":""rect"",""x"":247,""y"":410,""width"":302,""height"":81}","{""region type"":""headline""}"
Q11_false.png,519346,"{}",5,2,"{""name"":""rect"",""x"":247,""y"":497,""width"":884,""height"":63}","{""region type"":""subheading""}"
Q11_false.png,519346,"{}",5,3,"{""name"":""rect"",""x"":243,""y"":572,""width"":1423,""height"":99}","{""region type"":""text""}"
Q11_false.png,519346,"{}",5,4,"{""name"":""rect"",""x"":241,""y"":680,""width"":310,""height"":86}","{""region type"":""source""}"
Q11_true.png,528636,"{}",5,0,"{""name"":""rect"",""x"":673,""y"":81,""width"":576,""height"":331}","{""region type"":""image""}"
Q11_true.png,528636,"{}",5,1,"{""name"":""rect"",""x"":250,""y"":414,""width"":275,""height"":68}","{""region type"":""headline""}"
Q11_true.png,528636,"{}",5,2,"{""name"":""rect"",""x"":248,""y"":489,""width"":972,""height"":68}","{""region type"":""subheading""}"
Q11_true.png,528636,"{}",5,3,"{""name"":""rect"",""x"":247,""y"":569,""width"":1353,""height"":101}","{""region type"":""text""}"
Q11_true.png,528636,"{}",5,4,"{""name"":""rect"",""x"":247,""y"":678,""width"":301,""height"":99}","{""region type"":""source""}"
Q12_false.png,443308,"{}",5,0,"{""name"":""rect"",""x"":718,""y"":79,""width"":488,""height"":335}","{""region type"":""image""}"
Q12_false.png,443308,"{}",5,1,"{""name"":""rect"",""x"":250,""y"":417,""width"":444,""height"":72}","{""region type"":""headline""}"
Q12_false.png,443308,"{}",5,2,"{""name"":""rect"",""x"":247,""y"":497,""width"":801,""height"":59}","{""region type"":""subheading""}"
Q12_false.png,443308,"{}",5,3,"{""name"":""rect"",""x"":241,""y"":567,""width"":1389,""height"":140}","{""region type"":""text""}"
Q12_false.png,443308,"{}",5,4,"{""name"":""rect"",""x"":241,""y"":714,""width"":498,""height"":103}","{""region type"":""source""}"
Q12_true.png,429350,"{}",5,0,"{""name"":""rect"",""x"":714,""y"":77,""width"":491,""height"":333}","{""region type"":""image""}"
Q12_true.png,429350,"{}",5,1,"{""name"":""rect"",""x"":245,""y"":414,""width"":452,""height"":76}","{""region type"":""headline""}"
Q12_true.png,429350,"{}",5,2,"{""name"":""rect"",""x"":241,""y"":497,""width"":785,""height"":65}","{""region type"":""subheading""}"
Q12_true.png,429350,"{}",5,3,"{""name"":""rect"",""x"":241,""y"":569,""width"":1344,""height"":101}","{""region type"":""text""}"
Q12_true.png,429350,"{}",5,4,"{""name"":""rect"",""x"":241,""y"":678,""width"":504,""height"":92}","{""region type"":""source""}"
Q13_false.png,409615,"{}",5,0,"{""name"":""rect"",""x"":678,""y"":79,""width"":565,""height"":331}","{""region type"":""image""}"
Q13_false.png,409615,"{}",5,1,"{""name"":""rect"",""x"":243,""y"":417,""width"":574,""height"":72}","{""region type"":""headline""}"
Q13_false.png,409615,"{}",5,2,"{""name"":""rect"",""x"":239,""y"":499,""width"":853,""height"":65}","{""region type"":""subheading""}"
Q13_false.png,409615,"{}",5,3,"{""name"":""rect"",""x"":241,""y"":574,""width"":1373,""height"":133}","{""region type"":""text""}"
Q13_false.png,409615,"{}",5,4,"{""name"":""rect"",""x"":238,""y"":720,""width"":180,""height"":92}","{""region type"":""source""}"
Q13_true.png,403713,"{}",5,0,"{""name"":""rect"",""x"":675,""y"":79,""width"":569,""height"":329}","{""region type"":""image""}"
Q13_true.png,403713,"{}",5,1,"{""name"":""rect"",""x"":246,""y"":421,""width"":576,""height"":67}","{""region type"":""headline""}"
Q13_true.png,403713,"{}",5,2,"{""name"":""rect"",""x"":243,""y"":496,""width"":920,""height"":63}","{""region type"":""subheading""}"
Q13_true.png,403713,"{}",5,3,"{""name"":""rect"",""x"":239,""y"":569,""width"":1364,""height"":148}","{""region type"":""text""}"
Q13_true.png,403713,"{}",5,4,"{""name"":""rect"",""x"":238,""y"":723,""width"":194,""height"":90}","{""region type"":""source""}"
Q14_false.png,579522,"{}",5,0,"{""name"":""rect"",""x"":675,""y"":77,""width"":574,""height"":336}","{""region type"":""image""}"
Q14_false.png,579522,"{}",5,1,"{""name"":""rect"",""x"":245,""y"":421,""width"":435,""height"":65}","{""region type"":""headline""}"
Q14_false.png,579522,"{}",5,2,"{""name"":""rect"",""x"":241,""y"":491,""width"":896,""height"":63}","{""region type"":""subheading""}"
Q14_false.png,579522,"{}",5,3,"{""name"":""rect"",""x"":239,""y"":565,""width"":1405,""height"":148}","{""region type"":""text""}"
Q14_false.png,579522,"{}",5,4,"{""name"":""rect"",""x"":239,""y"":723,""width"":223,""height"":101}","{""region type"":""source""}"
Q14_true.png,590291,"{}",5,0,"{""name"":""rect"",""x"":669,""y"":76,""width"":579,""height"":329}","{""region type"":""image""}"
Q14_true.png,590291,"{}",5,1,"{""name"":""rect"",""x"":245,""y"":417,""width"":428,""height"":72}","{""region type"":""headline""}"
Q14_true.png,590291,"{}",5,2,"{""name"":""rect"",""x"":243,""y"":495,""width"":943,""height"":63}","{""region type"":""subheading""}"
Q14_true.png,590291,"{}",5,3,"{""name"":""rect"",""x"":241,""y"":567,""width"":1382,""height"":146}","{""region type"":""text""}"
Q14_true.png,590291,"{}",5,4,"{""name"":""rect"",""x"":237,""y"":721,""width"":221,""height"":90}","{""region type"":""source""}"
Q15_false.png,432306,"{}",5,0,"{""name"":""rect"",""x"":711,""y"":77,""width"":500,""height"":326}","{""region type"":""image""}"
Q15_false.png,432306,"{}",5,1,"{""name"":""rect"",""x"":238,""y"":417,""width"":1033,""height"":67}","{""region type"":""headline""}"
Q15_false.png,432306,"{}",5,2,"{""name"":""rect"",""x"":234,""y"":497,""width"":1227,""height"":59}","{""region type"":""subheading""}"
Q15_false.png,432306,"{}",5,3,"{""name"":""rect"",""x"":232,""y"":569,""width"":1456,""height"":137}","{""region type"":""text""}"
Q15_false.png,432306,"{}",5,4,"{""name"":""rect"",""x"":232,""y"":720,""width"":268,""height"":88}","{""region type"":""source""}"
Q15_true.png,422235,"{}",5,0,"{""name"":""rect"",""x"":709,""y"":79,""width"":495,""height"":331}","{""region type"":""image""}"
Q15_true.png,422235,"{}",5,1,"{""name"":""rect"",""x"":243,""y"":421,""width"":1089,""height"":67}","{""region type"":""headline""}"
Q15_true.png,422235,"{}",5,2,"{""name"":""rect"",""x"":239,""y"":496,""width"":1211,""height"":58}","{""region type"":""subheading""}"
Q15_true.png,422235,"{}",5,3,"{""name"":""rect"",""x"":238,""y"":569,""width"":1447,""height"":140}","{""region type"":""text""}"
Q15_true.png,422235,"{}",5,4,"{""name"":""rect"",""x"":236,""y"":720,""width"":266,""height"":108}","{""region type"":""source""}"
Q16_false.png,234495,"{}",5,0,"{""name"":""rect"",""x"":716,""y"":83,""width"":491,""height"":329}","{""region type"":""image""}"
Q16_false.png,234495,"{}",5,1,"{""name"":""rect"",""x"":239,""y"":408,""width"":297,""height"":76}","{""region type"":""headline""}"
Q16_false.png,234495,"{}",5,2,"{""name"":""rect"",""x"":238,""y"":491,""width"":1148,""height"":68}","{""region type"":""subheading""}"
Q16_false.png,234495,"{}",5,3,"{""name"":""rect"",""x"":234,""y"":570,""width"":1420,""height"":144}","{""region type"":""text""}"
Q16_false.png,234495,"{}",5,4,"{""name"":""rect"",""x"":232,""y"":721,""width"":202,""height"":92}","{""region type"":""source""}"
Q16_true.png,220681,"{}",5,0,"{""name"":""rect"",""x"":716,""y"":77,""width"":497,""height"":338}","{""region type"":""image""}"
Q16_true.png,220681,"{}",5,1,"{""name"":""rect"",""x"":241,""y"":416,""width"":306,""height"":70}","{""region type"":""headline""}"
Q16_true.png,220681,"{}",5,2,"{""name"":""rect"",""x"":238,""y"":495,""width"":1112,""height"":65}","{""region type"":""subheading""}"
Q16_true.png,220681,"{}",5,3,"{""name"":""rect"",""x"":236,""y"":570,""width"":1395,""height"":139}","{""region type"":""text""}"
Q16_true.png,220681,"{}",5,4,"{""name"":""rect"",""x"":236,""y"":720,""width"":189,""height"":90}","{""region type"":""source""}"
Q17_false.png,728722,"{}",5,0,"{""name"":""rect"",""x"":401,""y"":77,""width"":1121,""height"":333}","{""region type"":""image""}"
Q17_false.png,728722,"{}",5,1,"{""name"":""rect"",""x"":243,""y"":419,""width"":362,""height"":68}","{""region type"":""headline""}"
Q17_false.png,728722,"{}",5,2,"{""name"":""rect"",""x"":241,""y"":498,""width"":520,""height"":65}","{""region type"":""subheading""}"
Q17_false.png,728722,"{}",5,3,"{""name"":""rect"",""x"":239,""y"":572,""width"":1405,""height"":133}","{""region type"":""text""}"
Q17_false.png,728722,"{}",5,4,"{""name"":""rect"",""x"":241,""y"":718,""width"":202,""height"":95}","{""region type"":""source""}"
Q17_true.png,717903,"{}",5,0,"{""name"":""rect"",""x"":401,""y"":81,""width"":1117,""height"":326}","{""region type"":""image""}"
Q17_true.png,717903,"{}",5,1,"{""name"":""rect"",""x"":241,""y"":412,""width"":358,""height"":79}","{""region type"":""headline""}"
Q17_true.png,717903,"{}",5,2,"{""name"":""rect"",""x"":236,""y"":500,""width"":486,""height"":61}","{""region type"":""subheading""}"
Q17_true.png,717903,"{}",5,3,"{""name"":""rect"",""x"":234,""y"":574,""width"":1440,""height"":103}","{""region type"":""text""}"
Q17_true.png,717903,"{}",5,4,"{""name"":""rect"",""x"":234,""y"":684,""width"":205,""height"":88}","{""region type"":""source""}"
Q18_false.png,403987,"{}",5,0,"{""name"":""rect"",""x"":716,""y"":81,""width"":495,""height"":329}","{""region type"":""image""}"
Q18_false.png,403987,"{}",5,1,"{""name"":""rect"",""x"":245,""y"":414,""width"":371,""height"":72}","{""region type"":""headline""}"
Q18_false.png,403987,"{}",5,2,"{""name"":""rect"",""x"":241,""y"":493,""width"":1033,""height"":63}","{""region type"":""subheading""}"
Q18_false.png,403987,"{}",5,3,"{""name"":""rect"",""x"":241,""y"":567,""width"":1416,""height"":144}","{""region type"":""text""}"
Q18_false.png,403987,"{}",5,4,"{""name"":""rect"",""x"":241,""y"":722,""width"":180,""height"":95}","{""region type"":""source""}"
Q18_true.png,414233,"{}",5,0,"{""name"":""rect"",""x"":709,""y"":81,""width"":498,""height"":329}","{""region type"":""image""}"
Q18_true.png,414233,"{}",5,1,"{""name"":""rect"",""x"":239,""y"":416,""width"":444,""height"":70}","{""region type"":""headline""}"
Q18_true.png,414233,"{}",5,2,"{""name"":""rect"",""x"":238,""y"":493,""width"":1036,""height"":59}","{""region type"":""subheading""}"
Q18_true.png,414233,"{}",5,3,"{""name"":""rect"",""x"":236,""y"":563,""width"":1429,""height"":148}","{""region type"":""text""}"
Q18_true.png,414233,"{}",5,4,"{""name"":""rect"",""x"":234,""y"":719,""width"":182,""height"":94}","{""region type"":""source""}"
Q19_false.png,542255,"{}",5,0,"{""name"":""rect"",""x"":671,""y"":79,""width"":574,""height"":329}","{""region type"":""image""}"
Q19_false.png,542255,"{}",5,1,"{""name"":""rect"",""x"":238,""y"":417,""width"":1296,""height"":169}","{""region type"":""headline""}"
Q19_false.png,542255,"{}",5,2,"{""name"":""rect"",""x"":234,""y"":596,""width"":871,""height"":63}","{""region type"":""subheading""}"
Q19_false.png,542255,"{}",5,3,"{""name"":""rect"",""x"":236,""y"":669,""width"":1427,""height"":146}","{""region type"":""text""}"
Q19_false.png,542255,"{}",5,4,"{""name"":""rect"",""x"":232,""y"":826,""width"":275,""height"":85}","{""region type"":""source""}"
Q19_true.png,535766,"{}",5,0,"{""name"":""rect"",""x"":664,""y"":76,""width"":592,""height"":331}","{""region type"":""image""}"
Q19_true.png,535766,"{}",5,1,"{""name"":""rect"",""x"":243,""y"":420,""width"":1278,""height"":160}","{""region type"":""headline""}"
Q19_true.png,535766,"{}",5,2,"{""name"":""rect"",""x"":241,""y"":594,""width"":956,""height"":68}","{""region type"":""subheading""}"
Q19_true.png,535766,"{}",5,3,"{""name"":""rect"",""x"":239,""y"":669,""width"":1422,""height"":135}","{""region type"":""text""}"
Q19_true.png,535766,"{}",5,4,"{""name"":""rect"",""x"":239,""y"":822,""width"":257,""height"":88}","{""region type"":""source""}"
Q20_false.png,512318,"{}",5,0,"{""name"":""rect"",""x"":702,""y"":79,""width"":518,""height"":327}","{""region type"":""image""}"
Q20_false.png,512318,"{}",5,1,"{""name"":""rect"",""x"":245,""y"":419,""width"":639,""height"":68}","{""region type"":""headline""}"
Q20_false.png,512318,"{}",5,2,"{""name"":""rect"",""x"":241,""y"":495,""width"":878,""height"":63}","{""region type"":""subheading""}"
Q20_false.png,512318,"{}",5,3,"{""name"":""rect"",""x"":239,""y"":570,""width"":1434,""height"":180}","{""region type"":""text""}"
Q20_false.png,512318,"{}",5,4,"{""name"":""rect"",""x"":239,""y"":761,""width"":187,""height"":101}","{""region type"":""source""}"
Q20_true.png,499477,"{}",5,0,"{""name"":""rect"",""x"":698,""y"":79,""width"":524,""height"":333}","{""region type"":""image""}"
Q20_true.png,499477,"{}",5,1,"{""name"":""rect"",""x"":246,""y"":417,""width"":626,""height"":72}","{""region type"":""headline""}"
Q20_true.png,499477,"{}",5,2,"{""name"":""rect"",""x"":243,""y"":498,""width"":696,""height"":63}","{""region type"":""subheading""}"
Q20_true.png,499477,"{}",5,3,"{""name"":""rect"",""x"":239,""y"":570,""width"":1405,""height"":139}","{""region type"":""text""}"
Q20_true.png,499477,"{}",5,4,"{""name"":""rect"",""x"":239,""y"":720,""width"":182,""height"":97}","{""region type"":""source""}"
Q21_false.png,436782,"{}",5,0,"{""name"":""rect"",""x"":673,""y"":81,""width"":578,""height"":329}","{""region type"":""image""}"
Q21_false.png,436782,"{}",5,1,"{""name"":""rect"",""x"":248,""y"":414,""width"":218,""height"":72}","{""region type"":""headline""}"
Q21_false.png,436782,"{}",5,2,"{""name"":""rect"",""x"":248,""y"":493,""width"":1224,""height"":63}","{""region type"":""subheading""}"
Q21_false.png,436782,"{}",5,3,"{""name"":""rect"",""x"":248,""y"":569,""width"":1341,""height"":101}","{""region type"":""text""}"
Q21_false.png,436782,"{}",5,4,"{""name"":""rect"",""x"":245,""y"":678,""width"":205,""height"":85}","{""region type"":""source""}"
Q21_true.png,425269,"{}",5,0,"{""name"":""rect"",""x"":669,""y"":77,""width"":581,""height"":338}","{""region type"":""image""}"
Q21_true.png,425269,"{}",5,1,"{""name"":""rect"",""x"":247,""y"":410,""width"":227,""height"":74}","{""region type"":""headline""}"
Q21_true.png,425269,"{}",5,2,"{""name"":""rect"",""x"":241,""y"":493,""width"":1247,""height"":61}","{""region type"":""subheading""}"
Q21_true.png,425269,"{}",5,3,"{""name"":""rect"",""x"":239,""y"":563,""width"":1351,""height"":106}","{""region type"":""text""}"
Q21_true.png,425269,"{}",5,4,"{""name"":""rect"",""x"":234,""y"":678,""width"":216,""height"":97}","{""region type"":""source""}"
Q22_false.png,424175,"{}",4,0,"{""name"":""rect"",""x"":740,""y"":81,""width"":444,""height"":331}","{""region type"":""image""}"
Q22_false.png,424175,"{}",4,1,"{""name"":""rect"",""x"":248,""y"":421,""width"":957,""height"":70}","{""region type"":""headline""}"
Q22_false.png,424175,"{}",4,2,"{""name"":""rect"",""x"":248,""y"":502,""width"":1377,""height"":95}","{""region type"":""subheading""}"
Q22_false.png,424175,"{}",4,3,"{""name"":""rect"",""x"":248,""y"":605,""width"":310,""height"":94}","{""region type"":""source""}"
Q22_true.png,431352,"{}",4,0,"{""name"":""rect"",""x"":736,""y"":76,""width"":446,""height"":336}","{""region type"":""image""}"
Q22_true.png,431352,"{}",4,1,"{""name"":""rect"",""x"":245,""y"":419,""width"":918,""height"":72}","{""region type"":""headline""}"
Q22_true.png,431352,"{}",4,2,"{""name"":""rect"",""x"":238,""y"":498,""width"":1386,""height"":97}","{""region type"":""text""}"
Q22_true.png,431352,"{}",4,3,"{""name"":""rect"",""x"":238,""y"":606,""width"":322,""height"":94}","{""region type"":""source""}"
Q23_false.png,419631,"{}",5,0,"{""name"":""rect"",""x"":738,""y"":80,""width"":443,""height"":331}","{""region type"":""image""}"
Q23_false.png,419631,"{}",5,1,"{""name"":""rect"",""x"":248,""y"":416,""width"":446,""height"":70}","{""region type"":""headline""}"
Q23_false.png,419631,"{}",5,2,"{""name"":""rect"",""x"":245,""y"":493,""width"":1337,""height"":63}","{""region type"":""subheading""}"
Q23_false.png,419631,"{}",5,3,"{""name"":""rect"",""x"":241,""y"":567,""width"":1389,""height"":144}","{""region type"":""text""}"
Q23_false.png,419631,"{}",5,4,"{""name"":""rect"",""x"":241,""y"":720,""width"":169,""height"":86}","{""region type"":""source""}"
Q23_true.png,415237,"{}",5,0,"{""name"":""rect"",""x"":743,""y"":77,""width"":437,""height"":331}","{""region type"":""image""}"
Q23_true.png,415237,"{}",5,1,"{""name"":""rect"",""x"":248,""y"":410,""width"":453,""height"":76}","{""region type"":""headline""}"
Q23_true.png,415237,"{}",5,2,"{""name"":""rect"",""x"":247,""y"":495,""width"":1296,""height"":65}","{""region type"":""subheading""}"
Q23_true.png,415237,"{}",5,3,"{""name"":""rect"",""x"":243,""y"":570,""width"":1418,""height"":144}","{""region type"":""text""}"
Q23_true.png,415237,"{}",5,4,"{""name"":""rect"",""x"":241,""y"":723,""width"":176,""height"":95}","{""region type"":""source""}"
Q24_false.png,346838,"{}",5,0,"{""name"":""rect"",""x"":725,""y"":77,""width"":473,""height"":336}","{""region type"":""image""}"
Q24_false.png,346838,"{}",5,1,"{""name"":""rect"",""x"":250,""y"":410,""width"":292,""height"":72}","{""region type"":""headline""}"
Q24_false.png,346838,"{}",5,2,"{""name"":""rect"",""x"":247,""y"":493,""width"":923,""height"":63}","{""region type"":""subheading""}"
Q24_false.png,346838,"{}",5,3,"{""name"":""rect"",""x"":241,""y"":569,""width"":1409,""height"":146}","{""region type"":""text""}"
Q24_false.png,346838,"{}",5,4,"{""name"":""rect"",""x"":241,""y"":725,""width"":322,""height"":88}","{""region type"":""source""}"
Q24_true.png,335221,"{}",5,0,"{""name"":""rect"",""x"":727,""y"":79,""width"":475,""height"":338}","{""region type"":""image""}"
Q24_true.png,335221,"{}",5,1,"{""name"":""rect"",""x"":239,""y"":407,""width"":304,""height"":74}","{""region type"":""headline""}"
Q24_true.png,335221,"{}",5,2,"{""name"":""rect"",""x"":239,""y"":491,""width"":936,""height"":63}","{""region type"":""subheading""}"
Q24_true.png,335221,"{}",5,3,"{""name"":""rect"",""x"":241,""y"":574,""width"":1413,""height"":139}","{""region type"":""text""}"
Q24_true.png,335221,"{}",5,4,"{""name"":""rect"",""x"":241,""y"":721,""width"":319,""height"":97}","{""region type"":""source""}"
Q25_false.png,433618,"{}",5,0,"{""name"":""rect"",""x"":716,""y"":77,""width"":489,""height"":333}","{""region type"":""image""}"
Q25_false.png,433618,"{}",5,1,"{""name"":""rect"",""x"":238,""y"":410,""width"":423,""height"":72}","{""region type"":""headline""}"
Q25_false.png,433618,"{}",5,2,"{""name"":""rect"",""x"":236,""y"":491,""width"":558,""height"":68}","{""region type"":""subheading""}"
Q25_false.png,433618,"{}",5,3,"{""name"":""rect"",""x"":232,""y"":569,""width"":1434,""height"":144}","{""region type"":""text""}"
Q25_false.png,433618,"{}",5,4,"{""name"":""rect"",""x"":232,""y"":722,""width"":229,""height"":97}","{""region type"":""source""}"
Q25_true.png,442077,"{}",5,0,"{""name"":""rect"",""x"":713,""y"":77,""width"":489,""height"":333}","{""region type"":""image""}"
Q25_true.png,442077,"{}",5,1,"{""name"":""rect"",""x"":241,""y"":407,""width"":403,""height"":77}","{""region type"":""headline""}"
Q25_true.png,442077,"{}",5,2,"{""name"":""rect"",""x"":241,""y"":493,""width"":497,""height"":61}","{""region type"":""subheading""}"
Q25_true.png,442077,"{}",5,3,"{""name"":""rect"",""x"":238,""y"":561,""width"":1425,""height"":153}","{""region type"":""text""}"
Q25_true.png,442077,"{}",5,4,"{""name"":""rect"",""x"":238,""y"":722,""width"":227,""height"":94}","{""region type"":""source""}"
Q26_false.png,624487,"{}",5,0,"{""name"":""rect"",""x"":623,""y"":76,""width"":677,""height"":331}","{""region type"":""image""}"
Q26_false.png,624487,"{}",5,1,"{""name"":""rect"",""x"":243,""y"":423,""width"":434,""height"":63}","{""region type"":""headline""}"
Q26_false.png,624487,"{}",5,2,"{""name"":""rect"",""x"":238,""y"":491,""width"":921,""height"":63}","{""region type"":""subheading""}"
Q26_false.png,624487,"{}",5,3,"{""name"":""rect"",""x"":238,""y"":567,""width"":1431,""height"":146}","{""region type"":""text""}"
Q26_false.png,624487,"{}",5,4,"{""name"":""rect"",""x"":238,""y"":721,""width"":160,""height"":103}","{""region type"":""source""}"
Q26_true.png,609361,"{}",5,0,"{""name"":""rect"",""x"":612,""y"":74,""width"":680,""height"":336}","{""region type"":""image""}"
Q26_true.png,609361,"{}",5,1,"{""name"":""rect"",""x"":241,""y"":417,""width"":428,""height"":65}","{""region type"":""headline""}"
Q26_true.png,609361,"{}",5,2,"{""name"":""rect"",""x"":238,""y"":489,""width"":909,""height"":67}","{""region type"":""subheading""}"
Q26_true.png,609361,"{}",5,3,"{""name"":""rect"",""x"":234,""y"":567,""width"":1407,""height"":108}","{""region type"":""text""}"
Q26_true.png,609361,"{}",5,4,"{""name"":""rect"",""x"":239,""y"":680,""width"":167,""height"":90}","{""region type"":""source""}"
Q27_false.png,396323,"{}",5,0,"{""name"":""rect"",""x"":716,""y"":81,""width"":486,""height"":327}","{""region type"":""image""}"
Q27_false.png,396323,"{}",5,1,"{""name"":""rect"",""x"":248,""y"":417,""width"":885,""height"":70}","{""region type"":""headline""}"
Q27_false.png,396323,"{}",5,2,"{""name"":""rect"",""x"":245,""y"":497,""width"":711,""height"":65}","{""region type"":""subheading""}"
Q27_false.png,396323,"{}",5,3,"{""name"":""rect"",""x"":241,""y"":569,""width"":1382,""height"":94}","{""region type"":""text""}"
Q27_false.png,396323,"{}",5,4,"{""name"":""rect"",""x"":238,""y"":669,""width"":216,""height"":99}","{""region type"":""source""}"
Q28_false.png,334700,"{}",5,0,"{""name"":""rect"",""x"":725,""y"":79,""width"":466,""height"":333}","{""region type"":""image""}"
Q28_false.png,334700,"{}",5,1,"{""name"":""rect"",""x"":252,""y"":419,""width"":283,""height"":67}","{""region type"":""headline""}"
Q28_false.png,334700,"{}",5,2,"{""name"":""rect"",""x"":250,""y"":493,""width"":849,""height"":59}","{""region type"":""subheading""}"
Q28_false.png,334700,"{}",5,3,"{""name"":""rect"",""x"":248,""y"":561,""width"":1382,""height"":187}","{""region type"":""text""}"
Q28_false.png,334700,"{}",5,4,"{""name"":""rect"",""x"":248,""y"":761,""width"":304,""height"":103}","{""region type"":""source""}"
Q28_true.png,348147,"{}",5,0,"{""name"":""rect"",""x"":725,""y"":74,""width"":470,""height"":335}","{""region type"":""image""}"
Q28_true.png,348147,"{}",5,1,"{""name"":""rect"",""x"":248,""y"":416,""width"":284,""height"":67}","{""region type"":""headline""}"
Q28_true.png,348147,"{}",5,2,"{""name"":""rect"",""x"":243,""y"":489,""width"":963,""height"":67}","{""region type"":""subheading""}"
Q28_true.png,348147,"{}",5,3,"{""name"":""rect"",""x"":241,""y"":569,""width"":1422,""height"":187}","{""region type"":""text""}"
Q28_true.png,348147,"{}",5,4,"{""name"":""rect"",""x"":239,""y"":763,""width"":315,""height"":106}","{""region type"":""source""}"
Q29_false.png,363448,"{}",5,0,"{""name"":""rect"",""x"":709,""y"":76,""width"":504,""height"":335}","{""region type"":""image""}"
Q29_false.png,363448,"{}",5,1,"{""name"":""rect"",""x"":243,""y"":416,""width"":606,""height"":72}","{""region type"":""headline""}"
Q29_false.png,363448,"{}",5,2,"{""name"":""rect"",""x"":241,""y"":497,""width"":696,""height"":58}","{""region type"":""subheading""}"
Q29_false.png,363448,"{}",5,3,"{""name"":""rect"",""x"":241,""y"":565,""width"":1380,""height"":144}","{""region type"":""text""}"
Q29_false.png,363448,"{}",5,4,"{""name"":""rect"",""x"":236,""y"":720,""width"":182,""height"":99}","{""region type"":""source""}"
Q29_true.png,348470,"{}",5,0,"{""name"":""rect"",""x"":709,""y"":76,""width"":504,""height"":329}","{""region type"":""image""}"
Q29_true.png,348470,"{}",5,1,"{""name"":""rect"",""x"":245,""y"":416,""width"":608,""height"":70}","{""region type"":""headline""}"
Q29_true.png,348470,"{}",5,2,"{""name"":""rect"",""x"":245,""y"":497,""width"":498,""height"":65}","{""region type"":""subheading""}"
Q29_true.png,348470,"{}",5,3,"{""name"":""rect"",""x"":241,""y"":574,""width"":1393,""height"":131}","{""region type"":""text""}"
Q29_true.png,348470,"{}",5,4,"{""name"":""rect"",""x"":238,""y"":718,""width"":185,""height"":86}","{""region type"":""source""}"
Q30_false.png,429983,"{}",4,0,"{""name"":""rect"",""x"":716,""y"":79,""width"":488,""height"":329}","{""region type"":""image""}"
Q30_false.png,429983,"{}",4,1,"{""name"":""rect"",""x"":245,""y"":417,""width"":1339,""height"":110}","{""region type"":""headline""}"
Q30_false.png,429983,"{}",4,2,"{""name"":""rect"",""x"":241,""y"":540,""width"":1425,""height"":142}","{""region type"":""text""}"
Q30_false.png,429983,"{}",4,3,"{""name"":""rect"",""x"":239,""y"":695,""width"":187,""height"":90}","{""region type"":""source""}"
Q30_true.png,400949,"{}",4,0,"{""name"":""rect"",""x"":711,""y"":77,""width"":489,""height"":329}","{""region type"":""image""}"
Q30_true.png,400949,"{}",4,1,"{""name"":""rect"",""x"":241,""y"":414,""width"":1346,""height"":113}","{""region type"":""headline""}"
Q30_true.png,400949,"{}",4,2,"{""name"":""rect"",""x"":240,""y"":538,""width"":1420,""height"":119}","{""region type"":""text""}"
Q30_true.png,400949,"{}",4,3,"{""name"":""rect"",""x"":241,""y"":664,""width"":194,""height"":86}","{""region type"":""source""}"
Q31_false.png,323273,"{}",5,0,"{""name"":""rect"",""x"":673,""y"":81,""width"":569,""height"":326}","{""region type"":""image""}"
Q31_false.png,323273,"{}",5,1,"{""name"":""rect"",""x"":250,""y"":408,""width"":160,""height"":72}","{""region type"":""headline""}"
Q31_false.png,323273,"{}",5,2,"{""name"":""rect"",""x"":247,""y"":489,""width"":792,""height"":65}","{""region type"":""subheading""}"
Q31_false.png,323273,"{}",5,3,"{""name"":""rect"",""x"":241,""y"":561,""width"":1366,""height"":101}","{""region type"":""text""}"
Q31_false.png,323273,"{}",5,4,"{""name"":""rect"",""x"":236,""y"":675,""width"":221,""height"":94}","{""region type"":""source""}"
Q31_true.png,317215,"{}",5,0,"{""name"":""rect"",""x"":675,""y"":76,""width"":572,""height"":335}","{""region type"":""image""}"
Q31_true.png,317215,"{}",5,1,"{""name"":""rect"",""x"":241,""y"":416,""width"":189,""height"":67}","{""region type"":""headline""}"
Q31_true.png,317215,"{}",5,2,"{""name"":""rect"",""x"":241,""y"":489,""width"":893,""height"":67}","{""region type"":""subheading""}"
Q31_true.png,317215,"{}",5,3,"{""name"":""rect"",""x"":239,""y"":563,""width"":1371,""height"":103}","{""region type"":""text""}"
Q31_true.png,317215,"{}",5,4,"{""name"":""rect"",""x"":238,""y"":677,""width"":216,""height"":94}","{""region type"":""source""}"
Q32_false.png,373037,"{}",4,0,"{""name"":""rect"",""x"":673,""y"":81,""width"":576,""height"":324}","{""region type"":""image""}"
Q32_false.png,373037,"{}",4,1,"{""name"":""rect"",""x"":241,""y"":417,""width"":938,""height"":70}","{""region type"":""headline""}"
Q32_false.png,373037,"{}",4,2,"{""name"":""rect"",""x"":236,""y"":500,""width"":1436,""height"":142}","{""region type"":""text""}"
Q32_false.png,373037,"{}",4,3,"{""name"":""rect"",""x"":234,""y"":650,""width"":158,""height"":90}","{""region type"":""source""}"
Q32_true.png,371548,"{}",4,0,"{""name"":""rect"",""x"":671,""y"":79,""width"":572,""height"":324}","{""region type"":""image""}"
Q32_true.png,371548,"{}",4,1,"{""name"":""rect"",""x"":241,""y"":414,""width"":893,""height"":70}","{""region type"":""headline""}"
Q32_true.png,371548,"{}",4,2,"{""name"":""rect"",""x"":239,""y"":497,""width"":1414,""height"":142}","{""region type"":""text""}"
Q32_true.png,371548,"{}",4,3,"{""name"":""rect"",""x"":234,""y"":650,""width"":144,""height"":92}","{""region type"":""source""}"
Q33_false.png,401431,"{}",5,0,"{""name"":""rect"",""x"":666,""y"":75,""width"":590,""height"":340}","{""region type"":""image""}"
Q33_false.png,401431,"{}",5,1,"{""name"":""rect"",""x"":241,""y"":412,""width"":329,""height"":72}","{""region type"":""headline""}"
Q33_false.png,401431,"{}",5,2,"{""name"":""rect"",""x"":241,""y"":493,""width"":660,""height"":61}","{""region type"":""subheading""}"
Q33_false.png,401431,"{}",5,3,"{""name"":""rect"",""x"":238,""y"":561,""width"":1440,""height"":112}","{""region type"":""text""}"
Q33_false.png,401431,"{}",5,4,"{""name"":""rect"",""x"":238,""y"":682,""width"":162,""height"":85}","{""region type"":""source""}"
Q33_true.png,410590,"{}",5,0,"{""name"":""rect"",""x"":673,""y"":79,""width"":570,""height"":324}","{""region type"":""image""}"
Q33_true.png,410590,"{}",5,1,"{""name"":""rect"",""x"":248,""y"":412,""width"":317,""height"":77}","{""region type"":""headline""}"
Q33_true.png,410590,"{}",5,2,"{""name"":""rect"",""x"":247,""y"":495,""width"":776,""height"":65}","{""region type"":""subheading""}"
Q33_true.png,410590,"{}",5,3,"{""name"":""rect"",""x"":245,""y"":572,""width"":1396,""height"":99}","{""region type"":""text""}"
Q33_true.png,410590,"{}",5,4,"{""name"":""rect"",""x"":241,""y"":678,""width"":166,""height"":85}","{""region type"":""source""}"
Q34_false.png,520096,"{}",5,0,"{""name"":""rect"",""x"":663,""y"":80,""width"":592,""height"":338}","{""region type"":""image""}"
Q34_false.png,520096,"{}",5,1,"{""name"":""rect"",""x"":242,""y"":408,""width"":292,""height"":76}","{""region type"":""headline""}"
Q34_false.png,520096,"{}",5,2,"{""name"":""rect"",""x"":241,""y"":493,""width"":576,""height"":65}","{""region type"":""subheading""}"
Q34_false.png,520096,"{}",5,3,"{""name"":""rect"",""x"":239,""y"":567,""width"":1456,""height"":140}","{""region type"":""text""}"
Q34_false.png,520096,"{}",5,4,"{""name"":""rect"",""x"":241,""y"":720,""width"":194,""height"":99}","{""region type"":""source""}"
Q34_true.png,508523,"{}",5,0,"{""name"":""rect"",""x"":659,""y"":76,""width"":601,""height"":338}","{""region type"":""image""}"
Q34_true.png,508523,"{}",5,1,"{""name"":""rect"",""x"":248,""y"":412,""width"":401,""height"":70}","{""region type"":""headline""}"
Q34_true.png,508523,"{}",5,2,"{""name"":""rect"",""x"":243,""y"":489,""width"":653,""height"":63}","{""region type"":""subheading""}"
Q34_true.png,508523,"{}",5,3,"{""name"":""rect"",""x"":241,""y"":561,""width"":1400,""height"":108}","{""region type"":""text""}"
Q34_true.png,508523,"{}",5,4,"{""name"":""rect"",""x"":245,""y"":678,""width"":178,""height"":90}","{""region type"":""source""}"
Q35_false.png,460348,"{}",4,0,"{""name"":""rect"",""x"":677,""y"":79,""width"":572,""height"":331}","{""region type"":""image""}"
Q35_false.png,460348,"{}",4,1,"{""name"":""rect"",""x"":245,""y"":417,""width"":479,""height"":72}","{""region type"":""headline""}"
Q35_false.png,460348,"{}",4,2,"{""name"":""rect"",""x"":241,""y"":500,""width"":1378,""height"":94}","{""region type"":""text""}"
Q35_false.png,460348,"{}",4,3,"{""name"":""rect"",""x"":241,""y"":605,""width"":176,""height"":101}","{""region type"":""source""}"
Q35_true.png,443750,"{}",4,0,"{""name"":""rect"",""x"":678,""y"":79,""width"":567,""height"":329}","{""region type"":""image""}"
Q35_true.png,443750,"{}",4,1,"{""name"":""rect"",""x"":243,""y"":414,""width"":493,""height"":74}","{""region type"":""headline""}"
Q35_true.png,443750,"{}",4,2,"{""name"":""rect"",""x"":239,""y"":497,""width"":1449,""height"":99}","{""region type"":""text""}"
Q35_true.png,443750,"{}",4,3,"{""name"":""rect"",""x"":238,""y"":605,""width"":193,""height"":97}","{""region type"":""source""}"
Q36_false.png,385180,"{}",5,0,"{""name"":""rect"",""x"":405,""y"":79,""width"":1108,""height"":329}","{""region type"":""image""}"
Q36_false.png,385180,"{}",5,1,"{""name"":""rect"",""x"":245,""y"":416,""width"":461,""height"":74}","{""region type"":""headline""}"
Q36_false.png,385180,"{}",5,2,"{""name"":""rect"",""x"":243,""y"":493,""width"":615,""height"":68}","{""region type"":""subheading""}"
Q36_false.png,385180,"{}",5,3,"{""name"":""rect"",""x"":241,""y"":569,""width"":1440,""height"":95}","{""region type"":""text""}"
Q36_false.png,385180,"{}",5,4,"{""name"":""rect"",""x"":243,""y"":673,""width"":203,""height"":108}","{""region type"":""source""}"
Q36_true.png,394172,"{}",5,0,"{""name"":""rect"",""x"":407,""y"":83,""width"":1108,""height"":324}","{""region type"":""image""}"
Q36_true.png,394172,"{}",5,1,"{""name"":""rect"",""x"":243,""y"":417,""width"":448,""height"":70}","{""region type"":""headline""}"
Q36_true.png,394172,"{}",5,2,"{""name"":""rect"",""x"":242,""y"":493,""width"":655,""height"":68}","{""region type"":""subheading""}"
Q36_true.png,394172,"{}",5,3,"{""name"":""rect"",""x"":241,""y"":569,""width"":1431,""height"":97}","{""region type"":""text""}"
Q36_true.png,394172,"{}",5,4,"{""name"":""rect"",""x"":241,""y"":677,""width"":205,""height"":99}","{""region type"":""source""}"
Q37_false.png,455962,"{}",5,0,"{""name"":""rect"",""x"":673,""y"":72,""width"":578,""height"":338}","{""region type"":""image""}"
Q37_false.png,455962,"{}",5,1,"{""name"":""rect"",""x"":247,""y"":417,""width"":677,""height"":74}","{""region type"":""headline""}"
Q37_false.png,455962,"{}",5,2,"{""name"":""rect"",""x"":243,""y"":500,""width"":938,""height"":56}","{""region type"":""subheading""}"
Q37_false.png,455962,"{}",5,3,"{""name"":""rect"",""x"":241,""y"":567,""width"":1418,""height"":149}","{""region type"":""text""}"
Q37_false.png,455962,"{}",5,4,"{""name"":""rect"",""x"":239,""y"":725,""width"":157,""height"":92}","{""region type"":""source""}"
Q37_true.png,454081,"{}",5,0,"{""name"":""rect"",""x"":671,""y"":77,""width"":578,""height"":329}","{""region type"":""image""}"
Q37_true.png,454081,"{}",5,1,"{""name"":""rect"",""x"":248,""y"":415,""width"":698,""height"":65}","{""region type"":""headline""}"
Q37_true.png,454081,"{}",5,2,"{""name"":""rect"",""x"":247,""y"":489,""width"":920,""height"":68}","{""region type"":""subheading""}"
Q37_true.png,454081,"{}",5,3,"{""name"":""rect"",""x"":243,""y"":567,""width"":1434,""height"":108}","{""region type"":""text""}"
Q37_true.png,454081,"{}",5,4,"{""name"":""rect"",""x"":245,""y"":682,""width"":155,""height"":83}","{""region type"":""source""}"
Q38_false.png,369384,"{}",4,0,"{""name"":""rect"",""x"":740,""y"":76,""width"":439,""height"":333}","{""region type"":""image""}"
Q38_false.png,369384,"{}",4,1,"{""name"":""rect"",""x"":250,""y"":416,""width"":1207,""height"":76}","{""region type"":""headline""}"
Q38_false.png,369384,"{}",4,2,"{""name"":""rect"",""x"":245,""y"":498,""width"":1355,""height"":99}","{""region type"":""text""}"
Q38_false.png,369384,"{}",4,3,"{""name"":""rect"",""x"":243,""y"":606,""width"":232,""height"":110}","{""region type"":""source""}"
Q38_true.png,365238,"{}",4,0,"{""name"":""rect"",""x"":738,""y"":74,""width"":444,""height"":333}","{""region type"":""image""}"
Q38_true.png,365238,"{}",4,1,"{""name"":""rect"",""x"":247,""y"":417,""width"":1342,""height"":65}","{""region type"":""headline""}"
Q38_true.png,365238,"{}",4,2,"{""name"":""rect"",""x"":245,""y"":493,""width"":1436,""height"":104}","{""region type"":""text""}"
Q38_true.png,365238,"{}",4,3,"{""name"":""rect"",""x"":247,""y"":608,""width"":239,""height"":92}","{""region type"":""source""}"
Q39_false.png,256066,"{}",5,0,"{""name"":""rect"",""x"":665,""y"":78,""width"":587,""height"":333}","{""region type"":""image""}"
Q39_false.png,256066,"{}",5,1,"{""name"":""rect"",""x"":248,""y"":414,""width"":351,""height"":70}","{""region type"":""headline""}"
Q39_false.png,256066,"{}",5,2,"{""name"":""rect"",""x"":247,""y"":495,""width"":606,""height"":65}","{""region type"":""subheading""}"
Q39_false.png,256066,"{}",5,3,"{""name"":""rect"",""x"":247,""y"":569,""width"":1373,""height"":94}","{""region type"":""text""}"
Q39_false.png,256066,"{}",5,4,"{""name"":""rect"",""x"":247,""y"":675,""width"":153,""height"":88}","{""region type"":""source""}"
Q39_true.png,264992,"{}",5,0,"{""name"":""rect"",""x"":673,""y"":79,""width"":576,""height"":335}","{""region type"":""image""}"
Q39_true.png,264992,"{}",5,1,"{""name"":""rect"",""x"":243,""y"":416,""width"":365,""height"":72}","{""region type"":""headline""}"
Q39_true.png,264992,"{}",5,2,"{""name"":""rect"",""x"":243,""y"":495,""width"":596,""height"":59}","{""region type"":""subheading""}"
Q39_true.png,264992,"{}",5,3,"{""name"":""rect"",""x"":241,""y"":563,""width"":1382,""height"":106}","{""region type"":""text""}"
Q39_true.png,264992,"{}",5,4,"{""name"":""rect"",""x"":236,""y"":677,""width"":193,""height"":86}","{""region type"":""source""}"
Q40_false.png,357946,"{}",5,0,"{""name"":""rect"",""x"":722,""y"":79,""width"":479,""height"":331}","{""region type"":""image""}"
Q40_false.png,357946,"{}",5,1,"{""name"":""rect"",""x"":247,""y"":417,""width"":290,""height"":68}","{""region type"":""headline""}"
Q40_false.png,357946,"{}",5,2,"{""name"":""rect"",""x"":243,""y"":493,""width"":986,""height"":63}","{""region type"":""subheading""}"
Q40_false.png,357946,"{}",5,3,"{""name"":""rect"",""x"":239,""y"":567,""width"":1445,""height"":182}","{""region type"":""text""}"
Q40_false.png,357946,"{}",5,4,"{""name"":""rect"",""x"":234,""y"":759,""width"":327,""height"":104}","{""region type"":""source""}"
Q40_true.png,355907,"{}",5,0,"{""name"":""rect"",""x"":725,""y"":81,""width"":477,""height"":327}","{""region type"":""image""}"
Q40_true.png,355907,"{}",5,1,"{""name"":""rect"",""x"":247,""y"":416,""width"":283,""height"":67}","{""region type"":""headline""}"
Q40_true.png,355907,"{}",5,2,"{""name"":""rect"",""x"":243,""y"":489,""width"":1044,""height"":72}","{""region type"":""subheading""}"
Q40_true.png,355907,"{}",5,3,"{""name"":""rect"",""x"":241,""y"":570,""width"":1443,""height"":142}","{""region type"":""text""}"
Q40_true.png,355907,"{}",5,4,"{""name"":""rect"",""x"":241,""y"":723,""width"":324,""height"":83}","{""region type"":""source""}"
Q41_false.png,738190,"{}",5,0,"{""name"":""rect"",""x"":414,""y"":86,""width"":1101,""height"":320}","{""region type"":""image""}"
Q41_false.png,738190,"{}",5,1,"{""name"":""rect"",""x"":248,""y"":417,""width"":608,""height"":65}","{""region type"":""headline""}"
Q41_false.png,738190,"{}",5,2,"{""name"":""rect"",""x"":247,""y"":489,""width"":606,""height"":67}","{""region type"":""subheading""}"
Q41_false.png,738190,"{}",5,3,"{""name"":""rect"",""x"":241,""y"":567,""width"":1432,""height"":137}","{""region type"":""text""}"
Q41_false.png,738190,"{}",5,4,"{""name"":""rect"",""x"":241,""y"":713,""width"":202,""height"":94}","{""region type"":""source""}"
Q41_true.png,730420,"{}",5,0,"{""name"":""rect"",""x"":412,""y"":81,""width"":1099,""height"":322}","{""region type"":""image""}"
Q41_true.png,730420,"{}",5,1,"{""name"":""rect"",""x"":248,""y"":417,""width"":606,""height"":65}","{""region type"":""headline""}"
Q41_true.png,730420,"{}",5,2,"{""name"":""rect"",""x"":247,""y"":489,""width"":648,""height"":72}","{""region type"":""subheading""}"
Q41_true.png,730420,"{}",5,3,"{""name"":""rect"",""x"":243,""y"":569,""width"":1418,""height"":95}","{""region type"":""text""}"
Q41_true.png,730420,"{}",5,4,"{""name"":""rect"",""x"":241,""y"":673,""width"":227,""height"":108}","{""region type"":""source""}"
Q42_false.png,247986,"{}",5,0,"{""name"":""rect"",""x"":723,""y"":70,""width"":477,""height"":340}","{""region type"":""image""}"
Q42_false.png,247986,"{}",5,1,"{""name"":""rect"",""x"":245,""y"":419,""width"":695,""height"":63}","{""region type"":""headline""}"
Q42_false.png,247986,"{}",5,2,"{""name"":""rect"",""x"":241,""y"":488,""width"":835,""height"":74}","{""region type"":""subheading""}"
Q42_false.png,247986,"{}",5,3,"{""name"":""rect"",""x"":241,""y"":570,""width"":1441,""height"":137}","{""region type"":""text""}"
Q42_false.png,247986,"{}",5,4,"{""name"":""rect"",""x"":239,""y"":718,""width"":203,""height"":103}","{""region type"":""source""}"
Q42_true.png,260062,"{}",5,0,"{""name"":""rect"",""x"":723,""y"":81,""width"":477,""height"":326}","{""region type"":""image""}"
Q42_true.png,260062,"{}",5,1,"{""name"":""rect"",""x"":245,""y"":419,""width"":684,""height"":63}","{""region type"":""headline""}"
Q42_true.png,260062,"{}",5,2,"{""name"":""rect"",""x"":239,""y"":493,""width"":745,""height"":67}","{""region type"":""subheading""}"
Q42_true.png,260062,"{}",5,3,"{""name"":""rect"",""x"":239,""y"":570,""width"":1449,""height"":137}","{""region type"":""text""}"
Q42_true.png,260062,"{}",5,4,"{""name"":""rect"",""x"":239,""y"":713,""width"":209,""height"":99}","{""region type"":""source""}"
Q43_false.png,464085,"{}",5,0,"{""name"":""rect"",""x"":623,""y"":77,""width"":675,""height"":333}","{""region type"":""image""}"
Q43_false.png,464085,"{}",5,1,"{""name"":""rect"",""x"":248,""y"":417,""width"":583,""height"":70}","{""region type"":""headline""}"
Q43_false.png,464085,"{}",5,2,"{""name"":""rect"",""x"":248,""y"":497,""width"":669,""height"":61}","{""region type"":""subheading""}"
Q43_false.png,464085,"{}",5,3,"{""name"":""rect"",""x"":248,""y"":563,""width"":1409,""height"":139}","{""region type"":""text""}"
Q43_false.png,464085,"{}",5,4,"{""name"":""rect"",""x"":247,""y"":713,""width"":160,""height"":108}","{""region type"":""source""}"
Q43_true.png,475888,"{}",5,0,"{""name"":""rect"",""x"":617,""y"":76,""width"":686,""height"":329}","{""region type"":""image""}"
Q43_true.png,475888,"{}",5,1,"{""name"":""rect"",""x"":248,""y"":414,""width"":583,""height"":68}","{""region type"":""headline""}"
Q43_true.png,475888,"{}",5,2,"{""name"":""rect"",""x"":248,""y"":491,""width"":628,""height"":61}","{""region type"":""subheading""}"
Q43_true.png,475888,"{}",5,3,"{""name"":""rect"",""x"":248,""y"":561,""width"":1351,""height"":106}","{""region type"":""text""}"
Q43_true.png,475888,"{}",5,4,"{""name"":""rect"",""x"":245,""y"":676,""width"":158,""height"":88}","{""region type"":""source""}"
Q44_false.png,524161,"{}",5,0,"{""name"":""rect"",""x"":714,""y"":77,""width"":493,""height"":331}","{""region type"":""image""}"
Q44_false.png,524161,"{}",5,1,"{""name"":""rect"",""x"":248,""y"":421,""width"":734,""height"":67}","{""region type"":""headline""}"
Q44_false.png,524161,"{}",5,2,"{""name"":""rect"",""x"":247,""y"":493,""width"":1369,""height"":99}","{""region type"":""subheading""}"
Q44_false.png,524161,"{}",5,3,"{""name"":""rect"",""x"":241,""y"":605,""width"":1362,""height"":144}","{""region type"":""text""}"
Q44_false.png,524161,"{}",5,4,"{""name"":""rect"",""x"":241,""y"":758,""width"":166,""height"":94}","{""region type"":""source""}"
Q44_true.png,513157,"{}",5,0,"{""name"":""rect"",""x"":716,""y"":79,""width"":493,""height"":333}","{""region type"":""image""}"
Q44_true.png,513157,"{}",5,1,"{""name"":""rect"",""x"":241,""y"":417,""width"":770,""height"":70}","{""region type"":""headline""}"
Q44_true.png,513157,"{}",5,2,"{""name"":""rect"",""x"":241,""y"":495,""width"":1400,""height"":95}","{""region type"":""subheading""}"
Q44_true.png,513157,"{}",5,3,"{""name"":""rect"",""x"":241,""y"":601,""width"":1364,""height"":149}","{""region type"":""text""}"
Q44_true.png,513157,"{}",5,4,"{""name"":""rect"",""x"":243,""y"":759,""width"":166,""height"":95}","{""region type"":""source""}"
Q45_false.png,483473,"{}",5,0,"{""name"":""rect"",""x"":738,""y"":83,""width"":453,""height"":329}","{""region type"":""image""}"
Q45_false.png,483473,"{}",5,1,"{""name"":""rect"",""x"":241,""y"":405,""width"":202,""height"":77}","{""region type"":""headline""}"
Q45_false.png,483473,"{}",5,2,"{""name"":""rect"",""x"":239,""y"":491,""width"":1170,""height"":67}","{""region type"":""subheading""}"
Q45_false.png,483473,"{}",5,3,"{""name"":""rect"",""x"":238,""y"":563,""width"":1371,""height"":142}","{""region type"":""text""}"
Q45_false.png,483473,"{}",5,4,"{""name"":""rect"",""x"":234,""y"":718,""width"":230,""height"":88}","{""region type"":""source""}"
Q45_true.png,493649,"{}",5,0,"{""name"":""rect"",""x"":732,""y"":76,""width"":459,""height"":340}","{""region type"":""image""}"
Q45_true.png,493649,"{}",5,1,"{""name"":""rect"",""x"":254,""y"":412,""width"":187,""height"":70}","{""region type"":""headline""}"
Q45_true.png,493649,"{}",5,2,"{""name"":""rect"",""x"":252,""y"":489,""width"":808,""height"":67}","{""region type"":""subheading""}"
Q45_true.png,493649,"{}",5,3,"{""name"":""rect"",""x"":252,""y"":565,""width"":1431,""height"":151}","{""region type"":""text""}"
Q45_true.png,493649,"{}",5,4,"{""name"":""rect"",""x"":250,""y"":725,""width"":223,""height"":85}","{""region type"":""source""}"
Q46_false.png,317352,"{}",4,0,"{""name"":""rect"",""x"":680,""y"":79,""width"":569,""height"":326}","{""region type"":""image""}"
Q46_false.png,317352,"{}",4,1,"{""name"":""rect"",""x"":241,""y"":416,""width"":727,""height"":72}","{""region type"":""headline""}"
Q46_false.png,317352,"{}",4,2,"{""name"":""rect"",""x"":241,""y"":497,""width"":1422,""height"":101}","{""region type"":""text""}"
Q46_false.png,317352,"{}",4,3,"{""name"":""rect"",""x"":238,""y"":605,""width"":193,""height"":101}","{""region type"":""source""}"
Q46_true.png,301673,"{}",4,0,"{""name"":""rect"",""x"":669,""y"":79,""width"":587,""height"":331}","{""region type"":""image""}"
Q46_true.png,301673,"{}",4,1,"{""name"":""rect"",""x"":241,""y"":421,""width"":835,""height"":68}","{""region type"":""headline""}"
Q46_true.png,301673,"{}",4,2,"{""name"":""rect"",""x"":239,""y"":498,""width"":1427,""height"":92}","{""region type"":""text""}"
Q46_true.png,301673,"{}",4,3,"{""name"":""rect"",""x"":239,""y"":605,""width"":196,""height"":94}","{""region type"":""source""}"
Q47_false.png,392520,"{}",4,0,"{""name"":""rect"",""x"":727,""y"":79,""width"":466,""height"":329}","{""region type"":""image""}"
Q47_false.png,392520,"{}",4,1,"{""name"":""rect"",""x"":252,""y"":419,""width"":1364,""height"":112}","{""region type"":""headline""}"
Q47_false.png,392520,"{}",4,2,"{""name"":""rect"",""x"":250,""y"":543,""width"":1378,""height"":151}","{""region type"":""text""}"
Q47_false.png,392520,"{}",4,3,"{""name"":""rect"",""x"":248,""y"":705,""width"":166,""height"":94}","{""region type"":""source""}"
Q47_true.png,400417,"{}",4,0,"{""name"":""rect"",""x"":722,""y"":76,""width"":480,""height"":333}","{""region type"":""image""}"
Q47_true.png,400417,"{}",4,1,"{""name"":""rect"",""x"":241,""y"":419,""width"":1380,""height"":108}","{""region type"":""headline""}"
Q47_true.png,400417,"{}",4,2,"{""name"":""rect"",""x"":238,""y"":540,""width"":1386,""height"":149}","{""region type"":""text""}"
Q47_true.png,400417,"{}",4,3,"{""name"":""rect"",""x"":238,""y"":696,""width"":171,""height"":97}","{""region type"":""source""}"
Q48_false.png,503079,"{}",5,0,"{""name"":""rect"",""x"":671,""y"":77,""width"":585,""height"":333}","{""region type"":""image""}"
Q48_false.png,503079,"{}",5,1,"{""name"":""rect"",""x"":241,""y"":419,""width"":1130,""height"":65}","{""region type"":""headline""}"
Q48_false.png,503079,"{}",5,2,"{""name"":""rect"",""x"":239,""y"":491,""width"":741,""height"":63}","{""region type"":""subheading""}"
Q48_false.png,503079,"{}",5,3,"{""name"":""rect"",""x"":239,""y"":563,""width"":1405,""height"":106}","{""region type"":""text""}"
Q48_false.png,503079,"{}",5,4,"{""name"":""rect"",""x"":236,""y"":680,""width"":221,""height"":86}","{""region type"":""source""}"
Q48_true.png,498254,"{}",5,0,"{""name"":""rect"",""x"":669,""y"":81,""width"":579,""height"":327}","{""region type"":""image""}"
Q48_true.png,498254,"{}",5,1,"{""name"":""rect"",""x"":248,""y"":416,""width"":632,""height"":67}","{""region type"":""headline""}"
Q48_true.png,498254,"{}",5,2,"{""name"":""rect"",""x"":245,""y"":491,""width"":608,""height"":67}","{""region type"":""subheading""}"
Q48_true.png,498254,"{}",5,3,"{""name"":""rect"",""x"":241,""y"":561,""width"":1395,""height"":112}","{""region type"":""text""}"
Q48_true.png,498254,"{}",5,4,"{""name"":""rect"",""x"":239,""y"":684,""width"":218,""height"":88}","{""region type"":""source""}"
Q49_false.png,494822,"{}",5,0,"{""name"":""rect"",""x"":664,""y"":79,""width"":590,""height"":331}","{""region type"":""image""}"
Q49_false.png,494822,"{}",5,1,"{""name"":""rect"",""x"":241,""y"":416,""width"":603,""height"":68}","{""region type"":""headline""}"
Q49_false.png,494822,"{}",5,2,"{""name"":""rect"",""x"":238,""y"":495,""width"":713,""height"":61}","{""region type"":""subheading""}"
Q49_false.png,494822,"{}",5,3,"{""name"":""rect"",""x"":234,""y"":565,""width"":1395,""height"":101}","{""region type"":""text""}"
Q49_false.png,494822,"{}",5,4,"{""name"":""rect"",""x"":232,""y"":677,""width"":220,""height"":94}","{""region type"":""source""}"
Q49_true.png,505210,"{}",5,0,"{""name"":""rect"",""x"":675,""y"":79,""width"":570,""height"":327}","{""region type"":""image""}"
Q49_true.png,505210,"{}",5,1,"{""name"":""rect"",""x"":248,""y"":416,""width"":599,""height"":68}","{""region type"":""headline""}"
Q49_true.png,505210,"{}",5,2,"{""name"":""rect"",""x"":248,""y"":489,""width"":705,""height"":65}","{""region type"":""subheading""}"
Q49_true.png,505210,"{}",5,3,"{""name"":""rect"",""x"":245,""y"":560,""width"":1371,""height"":113}","{""region type"":""text""}"
Q49_true.png,505210,"{}",5,4,"{""name"":""rect"",""x"":241,""y"":678,""width"":216,""height"":101}","{""region type"":""source""}"
Q50_false.png,606633,"{}",5,0,"{""name"":""rect"",""x"":673,""y"":70,""width"":583,""height"":336}","{""region type"":""image""}"
Q50_false.png,606633,"{}",5,1,"{""name"":""rect"",""x"":245,""y"":416,""width"":853,""height"":72}","{""region type"":""headline""}"
Q50_false.png,606633,"{}",5,2,"{""name"":""rect"",""x"":247,""y"":498,""width"":1360,""height"":61}","{""region type"":""subheading""}"
Q50_false.png,606633,"{}",5,3,"{""name"":""rect"",""x"":250,""y"":569,""width"":1378,""height"":146}","{""region type"":""text""}"
Q50_false.png,606633,"{}",5,4,"{""name"":""rect"",""x"":248,""y"":722,""width"":301,""height"":103}","{""region type"":""source""}"
Q50_true.png,614580,"{}",5,0,"{""name"":""rect"",""x"":667,""y"":74,""width"":581,""height"":335}","{""region type"":""image""}"
Q50_true.png,614580,"{}",5,1,"{""name"":""rect"",""x"":247,""y"":417,""width"":837,""height"":63}","{""region type"":""headline""}"
Q50_true.png,614580,"{}",5,2,"{""name"":""rect"",""x"":245,""y"":489,""width"":1341,""height"":68}","{""region type"":""subheading""}"
Q50_true.png,614580,"{}",5,3,"{""name"":""rect"",""x"":243,""y"":569,""width"":1393,""height"":137}","{""region type"":""text""}"
Q50_true.png,614580,"{}",5,4,"{""name"":""rect"",""x"":247,""y"":718,""width"":302,""height"":101}","{""region type"":""source""}"
Q51_false.png,542400,"{}",5,0,"{""name"":""rect"",""x"":667,""y"":75,""width"":585,""height"":333}","{""region type"":""image""}"
Q51_false.png,542400,"{}",5,1,"{""name"":""rect"",""x"":248,""y"":407,""width"":310,""height"":76}","{""region type"":""headline""}"
Q51_false.png,542400,"{}",5,2,"{""name"":""rect"",""x"":248,""y"":489,""width"":790,""height"":67}","{""region type"":""subheading""}"
Q51_false.png,542400,"{}",5,3,"{""name"":""rect"",""x"":243,""y"":569,""width"":1445,""height"":101}","{""region type"":""text""}"
Q51_false.png,542400,"{}",5,4,"{""name"":""rect"",""x"":238,""y"":677,""width"":223,""height"":99}","{""region type"":""source""}"
Q51_true.png,529046,"{}",5,0,"{""name"":""rect"",""x"":666,""y"":79,""width"":587,""height"":335}","{""region type"":""image""}"
Q51_true.png,529046,"{}",5,1,"{""name"":""rect"",""x"":245,""y"":408,""width"":311,""height"":79}","{""region type"":""headline""}"
Q51_true.png,529046,"{}",5,2,"{""name"":""rect"",""x"":241,""y"":493,""width"":781,""height"":61}","{""region type"":""subheading""}"
Q51_true.png,529046,"{}",5,3,"{""name"":""rect"",""x"":239,""y"":561,""width"":1411,""height"":108}","{""region type"":""text""}"
Q51_true.png,529046,"{}",5,4,"{""name"":""rect"",""x"":236,""y"":677,""width"":214,""height"":104}","{""region type"":""source""}"
Q52_false.png,468893,"{}",4,0,"{""name"":""rect"",""x"":716,""y"":79,""width"":491,""height"":329}","{""region type"":""image""}"
Q52_false.png,468893,"{}",4,1,"{""name"":""rect"",""x"":243,""y"":417,""width"":1252,""height"":63}","{""region type"":""headline""}"
Q52_false.png,468893,"{}",4,2,"{""name"":""rect"",""x"":243,""y"":493,""width"":1373,""height"":63}","{""region type"":""text""}"
Q52_false.png,468893,"{}",4,3,"{""name"":""rect"",""x"":245,""y"":567,""width"":220,""height"":99}","{""region type"":""source""}"
Q52_true.png,461302,"{}",4,0,"{""name"":""rect"",""x"":715,""y"":81,""width"":489,""height"":326}","{""region type"":""image""}"
Q52_true.png,461302,"{}",4,1,"{""name"":""rect"",""x"":248,""y"":416,""width"":1269,""height"":67}","{""region type"":""headline""}"
Q52_true.png,461302,"{}",4,2,"{""name"":""rect"",""x"":245,""y"":489,""width"":1409,""height"":67}","{""region type"":""text""}"
Q52_true.png,461302,"{}",4,3,"{""name"":""rect"",""x"":245,""y"":561,""width"":207,""height"":94}","{""region type"":""source""}"
Q53_false.png,427961,"{}",5,0,"{""name"":""rect"",""x"":664,""y"":72,""width"":592,""height"":338}","{""region type"":""image""}"
Q53_false.png,427961,"{}",5,1,"{""name"":""rect"",""x"":238,""y"":417,""width"":984,""height"":65}","{""region type"":""headline""}"
Q53_false.png,427961,"{}",5,2,"{""name"":""rect"",""x"":234,""y"":489,""width"":839,""height"":68}","{""region type"":""subheading""}"
Q53_false.png,427961,"{}",5,3,"{""name"":""rect"",""x"":234,""y"":569,""width"":1418,""height"":144}","{""region type"":""text""}"
Q53_false.png,427961,"{}",5,4,"{""name"":""rect"",""x"":234,""y"":720,""width"":171,""height"":99}","{""region type"":""source""}"
Q53_true.png,426597,"{}",5,0,"{""name"":""rect"",""x"":669,""y"":74,""width"":585,""height"":335}","{""region type"":""image""}"
Q53_true.png,426597,"{}",5,1,"{""name"":""rect"",""x"":248,""y"":421,""width"":1051,""height"":63}","{""region type"":""headline""}"
Q53_true.png,426597,"{}",5,2,"{""name"":""rect"",""x"":247,""y"":497,""width"":812,""height"":61}","{""region type"":""subheading""}"
Q53_true.png,426597,"{}",5,3,"{""name"":""rect"",""x"":243,""y"":567,""width"":1377,""height"":104}","{""region type"":""text""}"
Q53_true.png,426597,"{}",5,4,"{""name"":""rect"",""x"":243,""y"":678,""width"":151,""height"":94}","{""region type"":""source""}"
Q54_false.png,407096,"{}",5,0,"{""name"":""rect"",""x"":653,""y"":79,""width"":612,""height"":331}","{""region type"":""image""}"
Q54_false.png,407096,"{}",5,1,"{""name"":""rect"",""x"":248,""y"":407,""width"":288,""height"":74}","{""region type"":""headline""}"
Q54_false.png,407096,"{}",5,2,"{""name"":""rect"",""x"":247,""y"":489,""width"":982,""height"":65}","{""region type"":""subheading""}"
Q54_false.png,407096,"{}",5,3,"{""name"":""rect"",""x"":245,""y"":565,""width"":1440,""height"":151}","{""region type"":""text""}"
Q54_false.png,407096,"{}",5,4,"{""name"":""rect"",""x"":243,""y"":723,""width"":205,""height"":97}","{""region type"":""source""}"
Q54_true.png,413910,"{}",5,0,"{""name"":""rect"",""x"":659,""y"":72,""width"":605,""height"":338}","{""region type"":""image""}"
Q54_true.png,413910,"{}",5,1,"{""name"":""rect"",""x"":245,""y"":410,""width"":304,""height"":77}","{""region type"":""headline""}"
Q54_true.png,413910,"{}",5,2,"{""name"":""rect"",""x"":241,""y"":493,""width"":909,""height"":63}","{""region type"":""subheading""}"
Q54_true.png,413910,"{}",5,3,"{""name"":""rect"",""x"":239,""y"":567,""width"":1454,""height"":146}","{""region type"":""text""}"
Q54_true.png,413910,"{}",5,4,"{""name"":""rect"",""x"":238,""y"":722,""width"":232,""height"":92}","{""region type"":""source""}"
Q55_false.png,573861,"{}",5,0,"{""name"":""rect"",""x"":655,""y"":74,""width"":612,""height"":331}","{""region type"":""image""}"
Q55_false.png,573861,"{}",5,1,"{""name"":""rect"",""x"":238,""y"":408,""width"":187,""height"":72}","{""region type"":""headline""}"
Q55_false.png,573861,"{}",5,2,"{""name"":""rect"",""x"":234,""y"":488,""width"":988,""height"":72}","{""region type"":""subheading""}"
Q55_false.png,573861,"{}",5,3,"{""name"":""rect"",""x"":232,""y"":570,""width"":1463,""height"":176}","{""region type"":""text""}"
Q55_false.png,573861,"{}",5,4,"{""name"":""rect"",""x"":232,""y"":756,""width"":230,""height"":99}","{""region type"":""source""}"
Q55_true.png,567911,"{}",5,0,"{""name"":""rect"",""x"":648,""y"":70,""width"":628,""height"":344}","{""region type"":""image""}"
Q55_true.png,567911,"{}",5,1,"{""name"":""rect"",""x"":241,""y"":408,""width"":187,""height"":74}","{""region type"":""headline""}"
Q55_true.png,567911,"{}",5,2,"{""name"":""rect"",""x"":241,""y"":493,""width"":1159,""height"":63}","{""region type"":""subheading""}"
Q55_true.png,567911,"{}",5,3,"{""name"":""rect"",""x"":239,""y"":567,""width"":1450,""height"":180}","{""region type"":""text""}"
Q55_true.png,567911,"{}",5,4,"{""name"":""rect"",""x"":239,""y"":758,""width"":232,""height"":99}","{""region type"":""source""}"
Q56_false.png,390811,"{}",5,0,"{""name"":""rect"",""x"":711,""y"":79,""width"":500,""height"":326}","{""region type"":""image""}"
Q56_false.png,390811,"{}",5,1,"{""name"":""rect"",""x"":248,""y"":417,""width"":891,""height"":72}","{""region type"":""headline""}"
Q56_false.png,390811,"{}",5,2,"{""name"":""rect"",""x"":243,""y"":497,""width"":709,""height"":63}","{""region type"":""subheading""}"
Q56_false.png,390811,"{}",5,3,"{""name"":""rect"",""x"":243,""y"":567,""width"":1380,""height"":144}","{""region type"":""text""}"
Q56_false.png,390811,"{}",5,4,"{""name"":""rect"",""x"":241,""y"":722,""width"":203,""height"":85}","{""region type"":""source""}"
Q56_true.png,390946,"{}",5,0,"{""name"":""rect"",""x"":711,""y"":77,""width"":495,""height"":331}","{""region type"":""image""}"
Q56_true.png,390946,"{}",5,1,"{""name"":""rect"",""x"":245,""y"":414,""width"":732,""height"":72}","{""region type"":""headline""}"
Q56_true.png,390946,"{}",5,2,"{""name"":""rect"",""x"":243,""y"":493,""width"":722,""height"":59}","{""region type"":""subheading""}"
Q56_true.png,390946,"{}",5,3,"{""name"":""rect"",""x"":241,""y"":563,""width"":1411,""height"":103}","{""region type"":""text""}"
Q56_true.png,390946,"{}",5,4,"{""name"":""rect"",""x"":239,""y"":673,""width"":198,""height"":90}","{""region type"":""source""}"
Q57_false.png,553499,"{}",5,0,"{""name"":""rect"",""x"":677,""y"":79,""width"":569,""height"":331}","{""region type"":""image""}"
Q57_false.png,553499,"{}",5,1,"{""name"":""rect"",""x"":241,""y"":410,""width"":178,""height"":74}","{""region type"":""headline""}"
Q57_false.png,553499,"{}",5,2,"{""name"":""rect"",""x"":239,""y"":493,""width"":801,""height"":65}","{""region type"":""subheading""}"
Q57_false.png,553499,"{}",5,3,"{""name"":""rect"",""x"":241,""y"":569,""width"":1393,""height"":142}","{""region type"":""text""}"
Q57_false.png,553499,"{}",5,4,"{""name"":""rect"",""x"":243,""y"":719,""width"":167,""height"":103}","{""region type"":""source""}"
Q57_true.png,562044,"{}",5,0,"{""name"":""rect"",""x"":673,""y"":76,""width"":576,""height"":335}","{""region type"":""image""}"
Q57_true.png,562044,"{}",5,1,"{""name"":""rect"",""x"":248,""y"":408,""width"":173,""height"":76}","{""region type"":""headline""}"
Q57_true.png,562044,"{}",5,2,"{""name"":""rect"",""x"":247,""y"":489,""width"":790,""height"":67}","{""region type"":""subheading""}"
Q57_true.png,562044,"{}",5,3,"{""name"":""rect"",""x"":243,""y"":567,""width"":1373,""height"":144}","{""region type"":""text""}"
Q57_true.png,562044,"{}",5,4,"{""name"":""rect"",""x"":241,""y"":718,""width"":166,""height"":92}","{""region type"":""source""}"
Q58_false.png,542400,"{}",5,0,"{""name"":""rect"",""x"":677,""y"":81,""width"":567,""height"":327}","{""region type"":""image""}"
Q58_false.png,542400,"{}",5,1,"{""name"":""rect"",""x"":254,""y"":417,""width"":319,""height"":65}","{""region type"":""headline""}"
Q58_false.png,542400,"{}",5,2,"{""name"":""rect"",""x"":247,""y"":489,""width"":797,""height"":65}","{""region type"":""subheading""}"
Q58_false.png,542400,"{}",5,3,"{""name"":""rect"",""x"":248,""y"":563,""width"":1438,""height"":103}","{""region type"":""text""}"
Q58_false.png,542400,"{}",5,4,"{""name"":""rect"",""x"":248,""y"":675,""width"":202,""height"":94}","{""region type"":""source""}"
Q58_true.png,529046,"{}",5,0,"{""name"":""rect"",""x"":669,""y"":77,""width"":581,""height"":335}","{""region type"":""image""}"
Q58_true.png,529046,"{}",5,1,"{""name"":""rect"",""x"":245,""y"":405,""width"":322,""height"":76}","{""region type"":""headline""}"
Q58_true.png,529046,"{}",5,2,"{""name"":""rect"",""x"":243,""y"":491,""width"":776,""height"":68}","{""region type"":""subheading""}"
Q58_true.png,529046,"{}",5,3,"{""name"":""rect"",""x"":241,""y"":567,""width"":1407,""height"":99}","{""region type"":""text""}"
Q58_true.png,529046,"{}",5,4,"{""name"":""rect"",""x"":241,""y"":674,""width"":205,""height"":88}","{""region type"":""source""}"
Q59_false.png,467744,"{}",5,0,"{""name"":""rect"",""x"":671,""y"":79,""width"":585,""height"":329}","{""region type"":""image""}"
Q59_false.png,467744,"{}",5,1,"{""name"":""rect"",""x"":243,""y"":410,""width"":1107,""height"":70}","{""region type"":""headline""}"
Q59_false.png,467744,"{}",5,2,"{""name"":""rect"",""x"":239,""y"":489,""width"":1027,""height"":68}","{""region type"":""subheading""}"
Q59_false.png,467744,"{}",5,3,"{""name"":""rect"",""x"":238,""y"":567,""width"":1452,""height"":142}","{""region type"":""text""}"
Q59_false.png,467744,"{}",5,4,"{""name"":""rect"",""x"":241,""y"":717,""width"":153,""height"":88}","{""region type"":""source""}"
Q59_true.png,460384,"{}",5,0,"{""name"":""rect"",""x"":666,""y"":81,""width"":590,""height"":324}","{""region type"":""image""}"
Q59_true.png,460384,"{}",5,1,"{""name"":""rect"",""x"":250,""y"":416,""width"":1092,""height"":70}","{""region type"":""headline""}"
Q59_true.png,460384,"{}",5,2,"{""name"":""rect"",""x"":247,""y"":491,""width"":894,""height"":67}","{""region type"":""subheading""}"
Q59_true.png,460384,"{}",5,3,"{""name"":""rect"",""x"":248,""y"":569,""width"":1368,""height"":144}","{""region type"":""text""}"
Q59_true.png,460384,"{}",5,4,"{""name"":""rect"",""x"":246,""y"":719,""width"":176,""height"":92}","{""region type"":""source""}"
Q60_false.png,748087,"{}",5,0,"{""name"":""rect"",""x"":594,""y"":79,""width"":741,""height"":329}","{""region type"":""image""}"
Q60_false.png,748087,"{}",5,1,"{""name"":""rect"",""x"":248,""y"":421,""width"":646,""height"":67}","{""region type"":""headline""}"
Q60_false.png,748087,"{}",5,2,"{""name"":""rect"",""x"":247,""y"":495,""width"":1393,""height"":65}","{""region type"":""subheading""}"
Q60_false.png,748087,"{}",5,3,"{""name"":""rect"",""x"":241,""y"":567,""width"":1438,""height"":187}","{""region type"":""text""}"
Q60_false.png,748087,"{}",5,4,"{""name"":""rect"",""x"":241,""y"":763,""width"":166,""height"":83}","{""region type"":""source""}"
Q60_true.png,745390,"{}",5,0,"{""name"":""rect"",""x"":583,""y"":79,""width"":756,""height"":327}","{""region type"":""image""}"
Q60_true.png,745390,"{}",5,1,"{""name"":""rect"",""x"":247,""y"":414,""width"":651,""height"":74}","{""region type"":""headline""}"
Q60_true.png,745390,"{}",5,2,"{""name"":""rect"",""x"":245,""y"":493,""width"":1425,""height"":99}","{""region type"":""subheading""}"
Q60_true.png,745390,"{}",5,3,"{""name"":""rect"",""x"":243,""y"":606,""width"":1429,""height"":182}","{""region type"":""text""}"
Q60_true.png,745390,"{}",5,4,"{""name"":""rect"",""x"":245,""y"":797,""width"":169,""height"":103}","{""region type"":""source""}"